{
    "train_loss": [
        0.8031675514131784
    ],
    "train_acc": [
        73.69791666666667
    ],
    "val_acc": [
        86.11666666666666
    ],
    "total_time_seconds": 142.13098049163818
}